category,cargo_status,tier_order,scnt_from,scnt_to,sdr_per_scnt
tanker_crude,laden,0,0,5000,11.0400
tanker_crude,laden,1,5000,10000,7.8200
tanker_crude,laden,2,10000,20000,5.9100
tanker_crude,laden,3,20000,40000,2.9300
tanker_crude,laden,4,40000,70000,2.5300
tanker_crude,laden,5,70000,120000,2.1700
tanker_crude,laden,6,120000,,2.1300
tanker_crude,ballast,0,0,5000,9.4000
tanker_crude,ballast,1,5000,10000,6.6400
tanker_crude,ballast,2,10000,20000,5.0400
tanker_crude,ballast,3,20000,40000,2.5000
tanker_crude,ballast,4,40000,70000,2.1400
tanker_crude,ballast,5,70000,120000,1.8500
tanker_crude,ballast,6,120000,,1.8200
tanker_product,laden,0,0,5000,11.0400
tanker_product,laden,1,5000,10000,7.8200
tanker_product,laden,2,10000,20000,5.9100
tanker_product,laden,3,20000,40000,3.9300
tanker_product,laden,4,40000,70000,3.8400
tanker_product,laden,5,70000,120000,3.4600
tanker_product,laden,6,120000,,3.3400
tanker_product,ballast,0,0,5000,9.4000
tanker_product,ballast,1,5000,10000,6.6400
tanker_product,ballast,2,10000,20000,5.0400
tanker_product,ballast,3,20000,40000,2.5000
tanker_product,ballast,4,40000,70000,2.1400
tanker_product,ballast,5,70000,120000,1.8500
tanker_product,ballast,6,120000,,1.8200
dry_bulk,laden,0,0,5000,10.1300
dry_bulk,laden,1,5000,10000,7.7400
dry_bulk,laden,2,10000,20000,6.1200
dry_bulk,laden,3,20000,40000,2.2400
dry_bulk,laden,4,40000,70000,1.9700
dry_bulk,laden,5,70000,120000,1.8500
dry_bulk,laden,6,120000,,1.7700
dry_bulk,ballast,0,0,5000,8.6200
dry_bulk,ballast,1,5000,10000,6.5800
dry_bulk,ballast,2,10000,20000,5.2100
dry_bulk,ballast,3,20000,40000,1.8900
dry_bulk,ballast,4,40000,70000,1.6800
dry_bulk,ballast,5,70000,120000,1.5800
dry_bulk,ballast,6,120000,,1.5000
lpg,laden,0,0,5000,11.6000
lpg,laden,1,5000,10000,8.4000
lpg,laden,2,10000,20000,6.2200
lpg,laden,3,20000,40000,5.0500
lpg,laden,4,40000,70000,4.4200
lpg,laden,5,70000,120000,4.1300
lpg,laden,6,120000,,4.1300
lpg,ballast,0,0,5000,9.8700
lpg,ballast,1,5000,10000,7.1400
lpg,ballast,2,10000,20000,5.2900
lpg,ballast,3,20000,40000,4.3000
lpg,ballast,4,40000,70000,3.7600
lpg,ballast,5,70000,120000,3.5100
lpg,ballast,6,120000,,3.5100
lng,laden,0,0,5000,10.4200
lng,laden,1,5000,10000,8.1100
lng,laden,2,10000,20000,7.0200
lng,laden,3,20000,40000,5.4300
lng,laden,4,40000,70000,5.0300
lng,laden,5,70000,120000,4.8000
lng,laden,6,120000,,4.6700
lng,ballast,0,0,5000,8.8700
lng,ballast,1,5000,10000,6.8900
lng,ballast,2,10000,20000,5.9700
lng,ballast,3,20000,40000,4.6100
lng,ballast,4,40000,70000,4.2700
lng,ballast,5,70000,120000,4.0800
lng,ballast,6,120000,,3.9700
chemical_tanker,laden,0,0,5000,11.5500
chemical_tanker,laden,1,5000,10000,8.9200
chemical_tanker,laden,2,10000,20000,7.1200
chemical_tanker,laden,3,20000,40000,5.1900
chemical_tanker,laden,4,40000,70000,4.6300
chemical_tanker,laden,5,70000,120000,4.3500
chemical_tanker,laden,6,120000,,4.2700
chemical_tanker,ballast,0,0,5000,9.8100
chemical_tanker,ballast,1,5000,10000,7.5800
chemical_tanker,ballast,2,10000,20000,6.0600
chemical_tanker,ballast,3,20000,40000,4.4200
chemical_tanker,ballast,4,40000,70000,3.9400
chemical_tanker,ballast,5,70000,120000,3.7000
chemical_tanker,ballast,6,120000,,3.6300
container,laden,0,0,5000,11.0400
container,laden,1,5000,10000,7.5800
container,laden,2,10000,20000,5.8900
container,laden,3,20000,40000,4.1300
container,laden,4,40000,70000,3.8200
container,laden,5,70000,120000,3.0100
container,laden,6,120000,180000,2.9400
container,laden,7,180000,,2.8800
container,ballast,0,0,5000,9.4000
container,ballast,1,5000,10000,6.4500
container,ballast,2,10000,20000,5.0000
container,ballast,3,20000,40000,3.5100
container,ballast,4,40000,70000,3.2500
container,ballast,5,70000,120000,2.5600
container,ballast,6,120000,180000,2.5200
container,ballast,7,180000,,2.4400
general_cargo,laden,0,0,5000,10.0800
general_cargo,laden,1,5000,10000,7.7800
general_cargo,laden,2,10000,20000,5.4200
general_cargo,laden,3,20000,40000,4.0700
general_cargo,laden,4,40000,70000,3.9400
general_cargo,laden,5,70000,120000,3.8700
general_cargo,laden,6,120000,,3.8000
general_cargo,ballast,0,0,5000,8.5800
general_cargo,ballast,1,5000,10000,6.6200
general_cargo,ballast,2,10000,20000,4.6100
general_cargo,ballast,3,20000,40000,3.4500
general_cargo,ballast,4,40000,70000,3.3600
general_cargo,ballast,5,70000,120000,3.3000
general_cargo,ballast,6,120000,,3.2200
roro,laden,0,0,5000,10.0800
roro,laden,1,5000,10000,7.5000
roro,laden,2,10000,20000,5.8300
roro,laden,3,20000,40000,4.2100
roro,laden,4,40000,70000,3.9400
roro,laden,5,70000,120000,3.8000
roro,laden,6,120000,,3.6500
roro,ballast,0,0,5000,8.5800
roro,ballast,1,5000,10000,6.3700
roro,ballast,2,10000,20000,4.9700
roro,ballast,3,20000,40000,3.5900
roro,ballast,4,40000,70000,3.3600
roro,ballast,5,70000,120000,3.2200
roro,ballast,6,120000,,3.1200
car_carrier,laden,0,0,5000,11.0400
car_carrier,laden,1,5000,10000,7.5800
car_carrier,laden,2,10000,20000,5.6700
car_carrier,laden,3,20000,40000,4.0500
car_carrier,laden,4,40000,70000,3.8200
car_carrier,laden,5,70000,120000,3.0100
car_carrier,laden,6,120000,,2.8800
car_carrier,ballast,0,0,5000,9.4000
car_carrier,ballast,1,5000,10000,6.4500
car_carrier,ballast,2,10000,20000,4.8300
car_carrier,ballast,3,20000,40000,3.4500
car_carrier,ballast,4,40000,70000,3.2500
car_carrier,ballast,5,70000,120000,2.5600
car_carrier,ballast,6,120000,,2.4400
passenger,laden,0,0,5000,9.9700
passenger,laden,1,5000,10000,7.0000
passenger,laden,2,10000,20000,5.7700
passenger,laden,3,20000,40000,4.0800
passenger,laden,4,40000,70000,4.0300
passenger,laden,5,70000,120000,3.9000
passenger,laden,6,120000,,3.7600
passenger,ballast,0,0,5000,8.4800
passenger,ballast,1,5000,10000,5.9600
passenger,ballast,2,10000,20000,4.9100
passenger,ballast,3,20000,40000,3.4800
passenger,ballast,4,40000,70000,3.4200
passenger,ballast,5,70000,120000,3.3100
passenger,ballast,6,120000,,3.1900
floating_unit,laden,0,0,5000,11.9800
floating_unit,laden,1,5000,10000,7.9400
floating_unit,laden,2,10000,20000,7.1400
floating_unit,laden,3,20000,40000,5.0600
floating_unit,laden,4,40000,70000,4.7600
floating_unit,laden,5,70000,120000,4.3100
floating_unit,laden,6,120000,,4.1600
other,laden,0,0,5000,10.5400
other,laden,1,5000,10000,7.1000
other,laden,2,10000,20000,5.9700
other,laden,3,20000,40000,4.3500
other,laden,4,40000,70000,4.2100
other,laden,5,70000,120000,3.9400
other,laden,6,120000,,3.8000
other,ballast,0,0,5000,8.9600
other,ballast,1,5000,10000,6.0400
other,ballast,2,10000,20000,5.0800
other,ballast,3,20000,40000,3.7000
other,ballast,4,40000,70000,3.5900
other,ballast,5,70000,120000,3.3600
other,ballast,6,120000,,3.2200
